device,precision,run,latency_ms,mem_mb,power_w
cpu,fp32,1,14.258,93.1,7.33
cpu,fp32,2,14.274,93.1,7.33
cpu,fp32,3,14.252,93.1,7.33
cpu,fp32,4,14.268,93.1,7.33
cpu,fp32,5,14.297,93.1,7.33
cpu,fp32,6,16.107,93.1,7.33
cpu,fp32,7,14.328,93.1,7.33
cpu,fp32,8,14.328,93.1,7.33
cpu,fp32,9,14.354,93.1,7.33
cpu,fp32,10,14.545,93.1,7.33
cpu,fp32,11,14.589,93.1,7.33
cpu,fp32,12,14.373,93.1,7.33
cpu,fp32,13,14.372,93.1,7.33
cpu,fp32,14,15.011,93.1,7.33
cpu,fp32,15,14.853,93.1,7.33
cpu,fp32,16,14.31,93.1,7.33
cpu,fp32,17,14.307,93.1,7.33
cpu,fp32,18,14.452,93.1,7.33
cpu,fp32,19,14.343,93.1,7.33
cpu,fp32,20,14.455,93.1,7.33
cpu,fp32,21,14.399,93.1,7.33
cpu,fp32,22,14.35,93.1,7.33
cpu,fp32,23,14.328,93.1,7.33
cpu,fp32,24,15.274,93.1,7.33
cpu,fp32,25,15.384,93.1,7.33
cpu,fp32,26,18.947,93.1,7.33
cpu,fp32,27,24.643,93.1,7.33
cpu,fp32,28,18.717,93.1,7.33
cpu,fp32,29,14.484,93.1,7.33
cpu,fp32,30,14.504,93.1,7.33
cpu,fp32,31,14.364,93.1,7.33
cpu,fp32,32,14.274,93.1,7.33
cpu,fp32,33,14.327,93.1,7.33
cpu,fp32,34,14.293,93.1,7.33
cpu,fp32,35,15.318,93.1,7.33
cpu,fp32,36,14.416,93.1,7.33
cpu,fp32,37,15.266,93.1,7.33
cpu,fp32,38,14.349,93.1,7.33
cpu,fp32,39,14.318,93.1,7.33
cpu,fp32,40,14.298,93.1,7.33
cpu,fp32,41,14.527,93.1,7.33
cpu,fp32,42,14.238,93.1,7.33
cpu,fp32,43,14.396,93.1,7.33
cpu,fp32,44,14.36,93.1,7.33
cpu,fp32,45,14.216,93.1,7.33
cpu,fp32,46,14.33,93.2,7.33
cpu,fp32,47,14.299,93.2,7.33
cpu,fp32,48,14.443,93.2,7.33
cpu,fp32,49,14.434,93.2,7.33
cpu,fp32,50,14.212,93.2,7.33
cpu,fp32,51,14.531,93.2,7.33
cpu,fp32,52,14.326,93.2,7.33
cpu,fp32,53,14.385,93.2,7.33
cpu,fp32,54,14.448,93.2,7.33
cpu,fp32,55,14.284,93.2,7.33
cpu,fp32,56,14.272,93.2,7.33
cpu,fp32,57,14.346,93.2,7.33
cpu,fp32,58,14.308,93.2,7.33
cpu,fp32,59,14.349,93.2,7.33
cpu,fp32,60,14.276,93.2,7.33
cpu,fp32,61,14.372,93.2,7.33
cpu,fp32,62,14.528,93.2,7.33
cpu,fp32,63,14.39,93.2,7.33
cpu,fp32,64,14.339,93.2,7.33
cpu,fp32,65,14.56,93.2,7.33
cpu,fp32,66,14.27,93.2,7.33
cpu,fp32,67,14.325,93.2,7.33
cpu,fp32,68,15.032,93.2,7.33
cpu,fp32,69,14.297,93.2,7.33
cpu,fp32,70,14.243,93.2,7.33
cpu,fp32,71,14.589,93.2,7.33
cpu,fp32,72,14.303,93.2,7.33
cpu,fp32,73,15.213,93.2,7.33
cpu,fp32,74,15.305,93.2,7.33
cpu,fp32,75,15.806,93.2,7.33
cpu,fp32,76,14.319,93.2,7.33
cpu,fp32,77,14.383,93.2,7.33
cpu,fp32,78,14.503,93.2,7.33
cpu,fp32,79,14.3,93.2,7.33
cpu,fp32,80,14.277,93.2,7.33
cpu,fp32,81,14.951,93.2,7.33
cpu,fp32,82,14.295,93.2,7.33
cpu,fp32,83,14.319,93.2,7.33
cpu,fp32,84,14.313,93.2,7.33
cpu,fp32,85,14.274,93.2,7.33
cpu,fp32,86,15.033,93.2,7.33
cpu,fp32,87,15.372,93.2,7.33
cpu,fp32,88,14.428,93.2,7.33
cpu,fp32,89,14.363,93.2,7.33
cpu,fp32,90,14.401,93.2,7.33
cpu,fp32,91,14.368,93.2,7.33
cpu,fp32,92,14.567,93.2,7.33
cpu,fp32,93,14.446,93.2,7.33
cpu,fp32,94,14.328,93.2,7.33
cpu,fp32,95,14.402,93.2,7.33
cpu,fp32,96,14.267,93.2,7.33
cpu,fp32,97,18.836,93.2,7.33
cpu,fp32,98,14.393,93.2,7.33
cpu,fp32,99,14.504,93.2,7.33
cpu,fp32,100,14.372,93.2,7.33
cpu,int8,1,5.901,84.7,7.33
cpu,int8,2,5.972,84.7,7.33
cpu,int8,3,6.047,84.7,7.33
cpu,int8,4,6.087,84.7,7.33
cpu,int8,5,5.863,84.7,7.33
cpu,int8,6,5.945,84.7,7.33
cpu,int8,7,5.895,84.7,7.33
cpu,int8,8,5.919,84.7,7.33
cpu,int8,9,5.907,84.7,7.33
cpu,int8,10,5.918,84.7,7.33
cpu,int8,11,5.938,84.7,7.33
cpu,int8,12,5.935,84.7,7.33
cpu,int8,13,5.878,84.7,7.33
cpu,int8,14,5.927,84.7,7.33
cpu,int8,15,5.86,84.7,7.33
cpu,int8,16,5.972,84.7,7.33
cpu,int8,17,5.89,84.7,7.33
cpu,int8,18,5.933,84.7,7.33
cpu,int8,19,5.883,84.7,7.33
cpu,int8,20,5.921,84.7,7.33
cpu,int8,21,5.875,84.7,7.33
cpu,int8,22,5.918,84.7,7.33
cpu,int8,23,5.909,84.7,7.33
cpu,int8,24,5.912,84.7,7.33
cpu,int8,25,5.879,84.7,7.33
cpu,int8,26,5.909,84.7,7.33
cpu,int8,27,5.906,84.7,7.33
cpu,int8,28,5.964,84.7,7.33
cpu,int8,29,5.854,84.7,7.33
cpu,int8,30,6.065,84.7,7.33
cpu,int8,31,5.894,84.7,7.33
cpu,int8,32,5.899,84.7,7.33
cpu,int8,33,5.872,84.7,7.33
cpu,int8,34,5.917,84.7,7.33
cpu,int8,35,5.86,84.7,7.33
cpu,int8,36,5.875,84.7,7.33
cpu,int8,37,5.891,84.7,7.33
cpu,int8,38,5.874,84.7,7.33
cpu,int8,39,5.861,84.7,7.33
cpu,int8,40,5.898,84.7,7.33
cpu,int8,41,5.863,84.7,7.33
cpu,int8,42,5.901,84.7,7.33
cpu,int8,43,5.906,84.7,7.33
cpu,int8,44,5.876,84.7,7.33
cpu,int8,45,5.907,84.7,7.33
cpu,int8,46,5.9,84.7,7.33
cpu,int8,47,5.901,84.7,7.33
cpu,int8,48,5.927,84.7,7.33
cpu,int8,49,5.91,84.7,7.33
cpu,int8,50,5.899,84.7,7.33
cpu,int8,51,6.81,84.7,7.33
cpu,int8,52,5.87,84.7,7.33
cpu,int8,53,5.901,84.7,7.33
cpu,int8,54,5.881,84.7,7.33
cpu,int8,55,5.952,84.7,7.33
cpu,int8,56,5.917,84.7,7.33
cpu,int8,57,5.903,84.7,7.33
cpu,int8,58,5.874,84.7,7.33
cpu,int8,59,5.918,84.7,7.33
cpu,int8,60,5.969,84.7,7.33
cpu,int8,61,5.922,84.7,7.33
cpu,int8,62,5.915,84.7,7.33
cpu,int8,63,6.052,84.7,7.33
cpu,int8,64,5.94,84.7,7.33
cpu,int8,65,5.951,84.7,7.33
cpu,int8,66,6.042,84.7,7.33
cpu,int8,67,5.931,84.7,7.33
cpu,int8,68,5.887,84.7,7.33
cpu,int8,69,5.897,84.7,7.33
cpu,int8,70,5.947,84.7,7.33
cpu,int8,71,5.886,84.7,7.33
cpu,int8,72,5.933,84.7,7.33
cpu,int8,73,5.879,84.7,7.33
cpu,int8,74,5.909,84.7,7.33
cpu,int8,75,5.863,84.7,7.33
cpu,int8,76,5.9,84.7,7.33
cpu,int8,77,5.871,84.7,7.33
cpu,int8,78,5.897,84.7,7.33
cpu,int8,79,5.873,84.7,7.33
cpu,int8,80,5.904,84.7,7.33
cpu,int8,81,5.877,84.7,7.33
cpu,int8,82,5.934,84.7,7.33
cpu,int8,83,5.884,84.7,7.33
cpu,int8,84,5.886,84.7,7.33
cpu,int8,85,5.893,84.7,7.33
cpu,int8,86,5.939,84.7,7.33
cpu,int8,87,5.885,84.7,7.33
cpu,int8,88,5.907,84.7,7.33
cpu,int8,89,5.882,84.7,7.33
cpu,int8,90,5.928,84.7,7.33
cpu,int8,91,5.912,84.7,7.33
cpu,int8,92,5.916,84.7,7.33
cpu,int8,93,5.852,84.7,7.33
cpu,int8,94,5.894,84.7,7.33
cpu,int8,95,5.877,84.7,7.33
cpu,int8,96,6.025,84.7,7.33
cpu,int8,97,5.87,84.7,7.33
cpu,int8,98,5.912,84.7,7.33
cpu,int8,99,5.877,84.7,7.33
cpu,int8,100,5.929,84.7,7.33
npu,int8,1,2.213,177.0,2.33
npu,int8,2,2.261,177.0,2.33
npu,int8,3,2.222,177.0,2.33
npu,int8,4,2.21,177.0,2.33
npu,int8,5,2.222,177.0,2.33
npu,int8,6,2.365,177.0,2.33
npu,int8,7,2.367,177.0,2.33
npu,int8,8,2.269,177.0,2.33
npu,int8,9,2.496,177.0,2.33
npu,int8,10,2.456,177.0,2.33
npu,int8,11,2.229,177.0,2.33
npu,int8,12,2.293,177.0,2.33
npu,int8,13,2.237,177.0,2.33
npu,int8,14,2.23,177.0,2.33
npu,int8,15,2.209,177.0,2.33
npu,int8,16,2.218,177.0,2.33
npu,int8,17,2.235,177.0,2.33
npu,int8,18,2.229,177.0,2.33
npu,int8,19,2.218,177.0,2.33
npu,int8,20,2.304,177.0,2.33
npu,int8,21,2.196,177.0,2.33
npu,int8,22,2.246,177.0,2.33
npu,int8,23,2.228,177.0,2.33
npu,int8,24,2.212,177.0,2.33
npu,int8,25,2.27,177.0,2.33
npu,int8,26,2.215,177.0,2.33
npu,int8,27,2.264,177.0,2.33
npu,int8,28,2.219,177.0,2.33
npu,int8,29,2.217,177.0,2.33
npu,int8,30,2.236,177.0,2.33
npu,int8,31,2.276,177.0,2.33
npu,int8,32,2.213,177.0,2.33
npu,int8,33,2.207,177.0,2.33
npu,int8,34,2.204,177.0,2.33
npu,int8,35,2.235,177.0,2.33
npu,int8,36,2.224,177.0,2.33
npu,int8,37,2.205,177.0,2.33
npu,int8,38,2.217,177.0,2.33
npu,int8,39,2.248,177.0,2.33
npu,int8,40,2.221,177.0,2.33
npu,int8,41,2.214,177.0,2.33
npu,int8,42,2.213,177.0,2.33
npu,int8,43,2.268,177.0,2.33
npu,int8,44,2.22,177.0,2.33
npu,int8,45,2.218,177.0,2.33
npu,int8,46,2.226,177.0,2.33
npu,int8,47,2.275,177.0,2.33
npu,int8,48,2.216,177.0,2.33
npu,int8,49,2.214,177.0,2.33
npu,int8,50,2.21,177.0,2.33
npu,int8,51,2.257,177.0,2.33
npu,int8,52,2.212,177.0,2.33
npu,int8,53,2.219,177.0,2.33
npu,int8,54,2.251,177.0,2.33
npu,int8,55,2.306,177.0,2.33
npu,int8,56,2.196,177.0,2.33
npu,int8,57,2.205,177.0,2.33
npu,int8,58,2.212,177.0,2.33
npu,int8,59,2.241,177.0,2.33
npu,int8,60,2.219,177.0,2.33
npu,int8,61,2.21,177.0,2.33
npu,int8,62,2.208,177.0,2.33
npu,int8,63,2.266,177.0,2.33
npu,int8,64,2.222,177.0,2.33
npu,int8,65,2.238,177.0,2.33
npu,int8,66,2.236,177.0,2.33
npu,int8,67,2.276,177.0,2.33
npu,int8,68,2.209,177.0,2.33
npu,int8,69,2.208,177.0,2.33
npu,int8,70,2.225,177.0,2.33
npu,int8,71,2.227,177.0,2.33
npu,int8,72,2.214,177.0,2.33
npu,int8,73,2.224,177.0,2.33
npu,int8,74,2.234,177.0,2.33
npu,int8,75,2.213,177.0,2.33
npu,int8,76,2.219,177.0,2.33
npu,int8,77,2.209,177.0,2.33
npu,int8,78,2.24,177.0,2.33
npu,int8,79,2.241,177.0,2.33
npu,int8,80,2.207,177.0,2.33
npu,int8,81,2.204,177.0,2.33
npu,int8,82,2.213,177.0,2.33
npu,int8,83,2.211,177.0,2.33
npu,int8,84,2.206,177.0,2.33
npu,int8,85,2.218,177.0,2.33
npu,int8,86,2.223,177.0,2.33
npu,int8,87,2.217,177.0,2.33
npu,int8,88,2.204,177.0,2.33
npu,int8,89,2.208,177.0,2.33
npu,int8,90,2.242,177.0,2.33
npu,int8,91,2.232,177.0,2.33
npu,int8,92,2.213,177.0,2.33
npu,int8,93,2.211,177.0,2.33
npu,int8,94,2.245,177.0,2.33
npu,int8,95,2.234,177.0,2.33
npu,int8,96,2.211,177.0,2.33
npu,int8,97,2.224,177.0,2.33
npu,int8,98,2.227,177.0,2.33
npu,int8,99,2.236,177.0,2.33
npu,int8,100,2.224,177.0,2.33
