setup,run,decode_ms,pre_ms,infer_ms,post_ms,total
cpu,1,0.88,1.827,16.151,0.015,18.873
cpu,2,0.972,1.985,15.055,0.016,18.028
cpu,3,0.898,1.868,16.645,0.016,19.427
cpu,4,2.021,1.978,14.884,0.016,18.899
cpu,5,2.339,1.923,14.987,0.016,19.265
cpu,6,0.955,2.009,15.049,0.017,18.03
cpu,7,2.314,1.879,14.932,0.015,19.14
cpu,8,1.995,1.914,14.966,0.015,18.89
cpu,9,0.917,1.932,16.715,0.016,19.58
cpu,10,0.959,1.951,15.014,0.015,17.939
cpu,11,0.894,1.887,16.429,0.015,19.225
cpu,12,0.938,1.893,16.957,0.016,19.804
cpu,13,2.431,1.856,14.945,0.015,19.247
cpu,14,0.993,2.038,27.463,0.016,30.51
cpu,15,4.79,1.914,20.506,0.016,27.226
cpu,16,2.606,1.891,15.103,0.017,19.617
cpu,17,2.354,1.942,14.931,0.016,19.243
cpu,18,1.024,1.966,15.065,0.015,18.07
cpu,19,0.897,3.215,15.316,0.016,19.444
cpu,20,0.914,1.88,16.679,0.016,19.489
cpu,21,0.898,1.879,16.257,0.016,19.05
cpu,22,1.004,1.908,15.334,0.016,18.262
cpu,23,0.895,3.41,15.078,0.016,19.399
cpu,24,0.897,3.192,15.053,0.015,19.157000000000004
cpu,25,0.892,1.82,17.047,0.015,19.774
cpu,26,0.899,1.891,16.275,0.016,19.081
cpu,27,2.691,1.894,15.055,0.016,19.656
cpu,28,0.918,1.864,16.747,0.016,19.545
cpu,29,0.971,2.026,15.205,0.018,18.22
cpu,30,0.967,1.976,15.135,0.016,18.094
cpu,31,2.625,1.849,15.408,0.016,19.898
cpu,32,0.987,2.039,14.972,0.016,18.014
cpu,33,0.889,1.875,16.3,0.015,19.079
cpu,34,0.943,1.812,16.257,0.015,19.027
cpu,35,2.68,1.91,15.113,0.016,19.719
cpu,36,0.977,2.013,15.064,0.016,18.07
cpu,37,0.891,1.821,16.166,0.016,18.894
cpu,38,1.004,2.065,14.95,0.015,18.034
cpu,39,0.896,3.745,15.051,0.015,19.707
cpu,40,0.899,1.891,15.89,0.015,18.695
cpu,41,0.889,1.877,15.708,0.016,18.49
cpu,42,1.103,2.067,15.723,0.016,18.909
cpu,43,0.918,3.75,15.012,0.015,19.695
cpu,44,0.982,2.009,24.047,0.016,27.054
cpu,45,0.969,2.037,15.767,0.016,18.789
cpu,46,1.085,1.905,15.896,0.015,18.901000000000003
cpu,47,2.697,1.914,15.001,0.016,19.628
cpu,48,0.913,1.975,15.544,0.016,18.448
cpu,49,0.886,1.829,15.731,0.015,18.461
cpu,50,0.984,2.027,15.403,0.015,18.429
cpu,51,0.895,1.882,16.951,0.016,19.744
cpu,52,0.922,1.823,16.698,0.015,19.458
cpu,53,0.884,1.882,16.37,0.016,19.152
cpu,54,1.021,1.958,15.047,0.016,18.042
cpu,55,0.904,3.745,15.009,0.015,19.673
cpu,56,0.987,2.023,14.928,0.016,17.954
cpu,57,1.01,1.984,15.088,0.016,18.098
cpu,58,0.89,1.898,15.491,0.015,18.294
cpu,59,0.956,1.892,16.969,0.015,19.832
cpu,60,1.038,1.954,20.303,0.016,23.311
cpu,61,1.005,2.081,14.915,0.016,18.017
cpu,62,2.166,1.945,14.779,0.016,18.906
cpu,63,0.981,1.966,15.071,0.016,18.034
cpu,64,0.902,1.896,15.181,0.015,17.994
cpu,65,1.009,1.977,14.875,0.015,17.876
cpu,66,0.897,3.16,14.984,0.016,19.057
cpu,67,0.898,1.807,16.713,0.016,19.434
cpu,68,0.908,1.887,20.784,0.015,23.594
cpu,69,0.972,1.893,16.103,0.016,18.984
cpu,70,0.922,3.561,14.953,0.016,19.452
cpu,71,0.983,2.034,15.316,0.015,18.348000000000003
cpu,72,0.979,1.959,15.14,0.015,18.093
cpu,73,0.99,2.029,14.926,0.016,17.961
cpu,74,0.896,1.896,16.882,0.015,19.689
cpu,75,0.892,1.921,16.424,0.015,19.252
cpu,76,1.026,1.897,14.946,0.016,17.884999999999998
cpu,77,0.981,2.042,14.896,0.016,17.935
cpu,78,2.382,1.903,15.087,0.016,19.388
cpu,79,1.013,1.914,15.042,0.015,17.984
cpu,80,0.887,1.888,15.536,0.015,18.326
cpu,81,1.099,1.982,14.989,0.016,18.086
cpu,82,0.898,3.343,15.099,0.015,19.355
cpu,83,0.895,1.888,16.198,0.015,18.996
cpu,84,1.032,1.96,15.03,0.016,18.038
cpu,85,0.894,2.103,14.897,0.015,17.909000000000002
cpu,86,0.953,1.895,16.511,0.015,19.374
cpu,87,1.035,1.953,15.04,0.015,18.043
cpu,88,0.885,1.871,15.297,0.016,18.069
cpu,89,1.038,1.967,15.0,0.016,18.021
cpu,90,2.581,1.903,14.988,0.015,19.487
cpu,91,0.898,1.838,16.378,0.016,19.13
cpu,92,0.898,1.875,15.768,0.015,18.556
cpu,93,0.979,1.997,14.988,0.015,17.979
cpu,94,2.565,1.887,15.742,0.015,20.209000000000003
cpu,95,0.972,1.974,14.893,0.016,17.854999999999997
cpu,96,0.991,2.023,15.038,0.015,18.067
cpu,97,0.893,2.073,14.847,0.015,17.828
cpu,98,0.927,1.926,17.583,0.015,20.451
cpu,99,4.967,1.914,15.291,0.016,22.188
cpu,100,0.891,2.152,14.845,0.015,17.903000000000002
npu,1,0.992,0.906,2.213,0.012,4.123
npu,2,0.968,0.899,2.261,0.012,4.14
npu,3,1.039,0.918,2.222,0.012,4.191
npu,4,1.037,0.886,2.21,0.01,4.143
npu,5,1.017,0.934,2.222,0.011,4.184
npu,6,1.026,0.919,2.365,0.017,4.327000000000001
npu,7,1.322,1.102,2.367,0.016,4.807
npu,8,1.082,0.998,2.269,0.013,4.362
npu,9,1.11,1.059,2.496,0.015,4.68
npu,10,1.191,1.023,2.456,0.015,4.685
npu,11,0.994,0.975,2.229,0.011,4.2090000000000005
npu,12,0.977,0.95,2.293,0.011,4.231000000000001
npu,13,1.024,0.902,2.237,0.011,4.174
npu,14,1.066,0.922,2.23,0.012,4.23
npu,15,1.074,0.944,2.209,0.011,4.238
npu,16,0.981,0.799,2.218,0.012,4.01
npu,17,1.018,0.954,2.235,0.011,4.218
npu,18,1.026,0.938,2.229,0.012,4.204999999999999
npu,19,1.012,0.892,2.218,0.012,4.134
npu,20,0.961,0.894,2.304,0.011,4.17
npu,21,1.051,0.939,2.196,0.012,4.198
npu,22,0.96,0.831,2.246,0.012,4.049
npu,23,1.01,0.924,2.228,0.012,4.174
npu,24,1.014,0.944,2.212,0.011,4.181
npu,25,0.974,0.884,2.27,0.011,4.139
npu,26,1.014,0.918,2.215,0.011,4.158
npu,27,0.981,0.912,2.264,0.011,4.168
npu,28,0.981,0.873,2.219,0.011,4.0840000000000005
npu,29,0.993,0.909,2.217,0.011,4.13
npu,30,1.011,0.906,2.236,0.011,4.164000000000001
npu,31,0.983,0.873,2.276,0.011,4.143
npu,32,0.992,0.957,2.213,0.01,4.172
npu,33,1.019,1.001,2.207,0.011,4.238
npu,34,0.998,0.885,2.204,0.011,4.098
npu,35,0.969,0.948,2.235,0.011,4.162999999999999
npu,36,1.002,0.921,2.224,0.011,4.158
npu,37,1.041,0.884,2.205,0.011,4.141
npu,38,1.03,0.86,2.217,0.011,4.118
npu,39,1.014,0.907,2.248,0.012,4.181
npu,40,1.02,0.876,2.221,0.011,4.128
npu,41,1.05,0.937,2.214,0.011,4.212000000000001
npu,42,1.03,0.954,2.213,0.011,4.208
npu,43,0.957,0.852,2.268,0.011,4.088
npu,44,0.988,0.919,2.22,0.011,4.138000000000001
npu,45,1.01,0.946,2.218,0.012,4.185999999999999
npu,46,0.982,0.87,2.226,0.012,4.089999999999999
npu,47,0.976,0.887,2.275,0.012,4.15
npu,48,1.012,0.915,2.216,0.011,4.154000000000001
npu,49,1.007,0.931,2.214,0.011,4.163
npu,50,0.999,0.916,2.21,0.011,4.136
npu,51,0.985,0.919,2.257,0.011,4.172
npu,52,1.02,0.853,2.212,0.011,4.096
npu,53,1.001,0.87,2.219,0.011,4.101
npu,54,1.011,0.93,2.251,0.011,4.203
npu,55,0.955,0.84,2.306,0.011,4.112
npu,56,1.006,0.953,2.196,0.011,4.166
npu,57,1.01,0.97,2.205,0.011,4.196000000000001
npu,58,0.993,0.906,2.212,0.011,4.122000000000001
npu,59,0.976,0.923,2.241,0.011,4.151000000000001
npu,60,1.021,0.946,2.219,0.011,4.197
npu,61,1.027,0.884,2.21,0.01,4.131
npu,62,1.05,0.924,2.208,0.011,4.1930000000000005
npu,63,1.004,0.889,2.266,0.011,4.17
npu,64,1.028,0.888,2.222,0.011,4.149
npu,65,1.03,0.956,2.238,0.012,4.236
npu,66,1.038,0.905,2.236,0.012,4.191
npu,67,0.967,0.847,2.276,0.011,4.101
npu,68,1.006,0.919,2.209,0.011,4.1450000000000005
npu,69,1.021,0.965,2.208,0.011,4.205
npu,70,0.976,0.903,2.225,0.011,4.115
npu,71,1.01,0.915,2.227,0.011,4.163
npu,72,0.999,0.924,2.214,0.011,4.148000000000001
npu,73,1.001,0.903,2.224,0.011,4.139
npu,74,0.975,0.897,2.234,0.011,4.117
npu,75,1.006,0.903,2.213,0.01,4.132
npu,76,0.996,0.87,2.219,0.011,4.096
npu,77,1.004,0.951,2.209,0.011,4.175
npu,78,0.995,0.922,2.24,0.011,4.168
npu,79,1.005,0.865,2.241,0.011,4.122
npu,80,1.005,0.953,2.207,0.01,4.174999999999999
npu,81,1.024,0.963,2.204,0.011,4.202000000000001
npu,82,0.984,0.923,2.213,0.01,4.13
npu,83,0.993,0.942,2.211,0.01,4.156
npu,84,1.02,0.94,2.206,0.01,4.176
npu,85,1.055,0.897,2.218,0.011,4.181
npu,86,1.005,0.907,2.223,0.011,4.146
npu,87,1.04,0.896,2.217,0.01,4.163
npu,88,1.037,0.887,2.204,0.011,4.139
npu,89,1.021,0.926,2.208,0.011,4.166
npu,90,1.004,0.905,2.242,0.011,4.162
npu,91,0.979,0.85,2.232,0.011,4.072
npu,92,1.004,0.913,2.213,0.011,4.141
npu,93,1.027,0.935,2.211,0.011,4.184
npu,94,0.974,0.885,2.245,0.011,4.115
npu,95,1.008,0.914,2.234,0.01,4.166
npu,96,1.013,0.929,2.211,0.011,4.164
npu,97,0.987,0.884,2.224,0.011,4.106000000000001
npu,98,0.986,0.932,2.227,0.011,4.156
npu,99,0.992,0.914,2.236,0.011,4.1530000000000005
npu,100,0.993,0.881,2.224,0.011,4.109000000000001
